numero-telefonos,codigo-pais
1486446930,+52 1486446930
6634144204,+52 6634144204
9584386479,+52 9584386479
5408471228,+52 5408471228
9274575292,+52 9274575292
1462385994,+52 1462385994
8897275949,+52 8897275949
4501345844,+52 4501345844
2237642629,+52 2237642629
3619939716,+52 3619939716
5998434183,+52 5998434183
5054992850,+52 5054992850
9200086446,+52 9200086446
5577378828,+52 5577378828
8878949153,+52 8878949153
6674771837,+52 6674771837
9481632625,+52 9481632625
5430052840,+52 5430052840
5522927472,+52 5522927472
3964386154,+52 3964386154
4738149942,+52 4738149942
7659737858,+52 7659737858
7834907996,+52 7834907996
3709483816,+52 3709483816
5517326356,+52 5517326356
5540966076,+52 5540966076
8112770249,+52 8112770249
3704455918,+52 3704455918
4059828418,+52 4059828418
5175422453,+52 5175422453
2726763740,+52 2726763740
7299680441,+52 7299680441
2450893328,+52 2450893328
4040164656,+52 4040164656
2480883413,+52 2480883413
1499781988,+52 1499781988
9190777755,+52 9190777755
6694599597,+52 6694599597
2475247041,+52 2475247041
4876716133,+52 4876716133
5990610238,+52 5990610238
8487486025,+52 8487486025
5315032362,+52 5315032362
8282838408,+52 8282838408
5080134699,+52 5080134699
1904826243,+52 1904826243
3009504794,+52 3009504794
5268876588,+52 5268876588
3738421567,+52 3738421567
1525010608,+52 1525010608
4587959549,+52 4587959549
5891465159,+52 5891465159
7799454823,+52 7799454823
1718488145,+52 1718488145
2980291705,+52 2980291705
6080082152,+52 6080082152
8382797211,+52 8382797211
4219092254,+52 4219092254
7384940675,+52 7384940675
7475600136,+52 7475600136
5754734605,+52 5754734605
5033682319,+52 5033682319
9322879185,+52 9322879185
7406149718,+52 7406149718
7840639270,+52 7840639270
3680504147,+52 3680504147
6237019254,+52 6237019254
4929182621,+52 4929182621
5760898069,+52 5760898069
6194044318,+52 6194044318
6680445666,+52 6680445666
3329688654,+52 3329688654
3753245125,+52 3753245125
6990546790,+52 6990546790
8738864705,+52 8738864705
9017248803,+52 9017248803
4803208987,+52 4803208987
1211715036,+52 1211715036
6786006415,+52 6786006415
1128736044,+52 1128736044
9349841527,+52 9349841527
9315851557,+52 9315851557
9685033496,+52 9685033496
6295198152,+52 6295198152
3045621828,+52 3045621828
4017904003,+52 4017904003
4526320287,+52 4526320287
9662057491,+52 9662057491
3844361711,+52 3844361711
3800955843,+52 3800955843
2112849653,+52 2112849653
9514171075,+52 9514171075
9676657756,+52 9676657756
4029070765,+52 4029070765
7470186346,+52 7470186346
6085576601,+52 6085576601
2789650628,+52 2789650628
9982852869,+52 9982852869
7869860860,+52 7869860860
8839024293,+52 8839024293
